Year,CPI
2002,66.3819637
2003,67.88889569
2004,69.70644216
2005,72.07141045
2006,74.39638749
2007,76.5186792
2008,79.4563044
2009,79.17380276
2010,80.47228515
2011,83.01267439
2012,84.7304789
2013,85.97164225
2014,87.36629784
2015,87.46993221
2016,88.57345288
2017,90.46017931
2018,92.6696698
2019,94.3490925
2020,95.51296742
2021,100
